{
    "objects": [
        {
            "name": "RuinColumn", 
            "worldMatrix": [
                0.601815, 
                0.0, 
                -0.798636, 
                0.0, 
                0, 
                1, 
                0, 
                0, 
                0.798636, 
                0.0, 
                0.601815, 
                0.0, 
                -16.8509, 
                0.0, 
                -36.1449, 
                1.0
            ]
        }, 
        {
            "name": "RuinColumn", 
            "worldMatrix": [
                0.956305, 
                0.0, 
                0.292372, 
                0.0, 
                0, 
                1, 
                0, 
                0, 
                -0.292372, 
                0.0, 
                0.956305, 
                0.0, 
                3.39198, 
                0.0, 
                54.0719, 
                1.0
            ]
        }, 
        {
            "name": "Arch", 
            "worldMatrix": [
                0.984808, 
                0.0, 
                -0.173648, 
                0.0, 
                0, 
                1, 
                0, 
                0, 
                0.173648, 
                0.0, 
                0.984808, 
                0.0, 
                -33.1974, 
                0.0, 
                -46.0428, 
                1.0
            ]
        }, 
        {
            "name": "Arch", 
            "worldMatrix": [
                0.996195, 
                0.0, 
                -0.0871557, 
                0.0, 
                0, 
                1, 
                0, 
                0, 
                0.0871557, 
                0.0, 
                0.996195, 
                0.0, 
                43.2137, 
                0.0, 
                32.0874, 
                1.0
            ]
        }, 
        {
            "name": "RockA", 
            "worldMatrix": [
                0.573576, 
                0.0, 
                -0.819152, 
                0.0, 
                0, 
                1, 
                0, 
                0, 
                0.819152, 
                0.0, 
                0.573576, 
                0.0, 
                18.0208, 
                0.0, 
                -26.1334, 
                1.0
            ]
        }, 
        {
            "name": "RockA", 
            "worldMatrix": [
                1, 
                0, 
                0, 
                0, 
                0, 
                1, 
                0, 
                0, 
                0, 
                0, 
                1, 
                0, 
                8.43857, 
                0.0, 
                34.3333, 
                1.0
            ]
        }, 
        {
            "name": "RockA", 
            "worldMatrix": [
                -0.614821, 
                0.0, 
                -0.786935, 
                0.0, 
                0.0, 
                0.998635, 
                0.0, 
                0.0, 
                0.786935, 
                0.0, 
                -0.614821, 
                0.0, 
                -16.1199, 
                0.0, 
                -49.566, 
                1.0
            ]
        }, 
        {
            "name": "RockA", 
            "worldMatrix": [
                -1.14673, 
                0.0, 
                0.120526, 
                0.0, 
                0.0, 
                1.15304, 
                0.0, 
                0.0, 
                -0.120526, 
                0.0, 
                -1.14673, 
                0.0, 
                37.1889, 
                0.0, 
                -30.2265, 
                1.0
            ]
        }, 
        {
            "name": "RockA", 
            "worldMatrix": [
                1, 
                0, 
                0, 
                0, 
                0, 
                1, 
                0, 
                0, 
                0, 
                0, 
                1, 
                0, 
                -48.2355, 
                0.0, 
                0.0, 
                1.0
            ]
        }, 
        {
            "name": "RockB", 
            "worldMatrix": [
                1, 
                0, 
                0, 
                0, 
                0, 
                1, 
                0, 
                0, 
                0, 
                0, 
                1, 
                0, 
                1.074, 
                0.0, 
                -41.5125, 
                1.0
            ]
        }, 
        {
            "name": "RockB", 
            "worldMatrix": [
                0.957566, 
                0.0, 
                0.0, 
                0.0, 
                0.0, 
                0.957566, 
                0.0, 
                0.0, 
                0.0, 
                0.0, 
                0.957566, 
                0.0, 
                -26.0552, 
                0.0, 
                24.1122, 
                1.0
            ]
        }, 
        {
            "name": "RockB", 
            "worldMatrix": [
                -0.325549, 
                0.0, 
                -0.945463, 
                0.0, 
                0.0, 
                0.999941, 
                0.0, 
                0.0, 
                0.945463, 
                0.0, 
                -0.325549, 
                0.0, 
                33.1305, 
                0.0, 
                13.8061, 
                1.0
            ]
        }, 
        {
            "name": "RockB", 
            "worldMatrix": [
                -0.630119, 
                0.0, 
                0.724868, 
                0.0, 
                0.0, 
                0.96046, 
                0.0, 
                0.0, 
                -0.724868, 
                0.0, 
                -0.630119, 
                0.0, 
                22.6419, 
                0.0, 
                45.8807, 
                1.0
            ]
        }, 
        {
            "name": "RockC", 
            "worldMatrix": [
                1, 
                0, 
                0, 
                0, 
                0, 
                1, 
                0, 
                0, 
                0, 
                0, 
                1, 
                0, 
                -29.2153, 
                0.0, 
                -17.0816, 
                1.0
            ]
        }, 
        {
            "name": "RockC", 
            "worldMatrix": [
                -0.0871558, 
                0.0, 
                0.996195, 
                0.0, 
                0, 
                1, 
                0, 
                0, 
                -0.996195, 
                0.0, 
                -0.0871558, 
                0.0, 
                -29.2118, 
                0.0, 
                -36.2202, 
                1.0
            ]
        }, 
        {
            "name": "RockC", 
            "worldMatrix": [
                1.31921, 
                0.0, 
                -0.208943, 
                0.0, 
                0.0, 
                1.33566, 
                0.0, 
                0.0, 
                0.208943, 
                0.0, 
                1.31921, 
                0.0, 
                -8.63636, 
                0.0, 
                43.3265, 
                1.0
            ]
        }, 
        {
            "name": "RockC", 
            "worldMatrix": [
                0.707107, 
                0.0, 
                -0.707107, 
                0.0, 
                0, 
                1, 
                0, 
                0, 
                0.707107, 
                0.0, 
                0.707107, 
                0.0, 
                -47.181, 
                0.0, 
                25.2706, 
                1.0
            ]
        }, 
        {
            "name": "SunknShip", 
            "worldMatrix": [
                0.40668, 
                -0.190471, 
                0.893494, 
                0.0, 
                0.0683799, 
                0.981627, 
                0.178136, 
                0.0, 
                -0.911008, 
                -0.0113472, 
                0.412233, 
                0.0, 
                -42.0536, 
                -0.0290883, 
                -22.5567, 
                1.0
            ]
        }, 
        {
            "name": "SunknShip", 
            "worldMatrix": [
                0.40668, 
                -0.190471, 
                0.893494, 
                0.0, 
                0.0683799, 
                0.981627, 
                0.178136, 
                0.0, 
                -0.911008, 
                -0.0113472, 
                0.412233, 
                0.0, 
                -42.0536, 
                -0.0290883, 
                -22.5567, 
                1.0
            ]
        }, 
        {
            "name": "SunknShip", 
            "worldMatrix": [
                0.40668, 
                -0.190471, 
                0.893494, 
                0.0, 
                0.0683799, 
                0.981627, 
                0.178136, 
                0.0, 
                -0.911008, 
                -0.0113472, 
                0.412233, 
                0.0, 
                -42.0536, 
                -0.0290883, 
                -22.5567, 
                1.0
            ]
        }, 
        {
            "name": "FloorBase_Baked", 
            "worldMatrix": [
                1, 
                0, 
                0, 
                0, 
                0, 
                1, 
                0, 
                0, 
                0, 
                0, 
                1, 
                0, 
                0, 
                0, 
                0, 
                1
            ]
        }, 
        {
            "name": "SunknSub", 
            "worldMatrix": [
                1.0, 
                0.0, 
                0.0, 
                0.0, 
                0.0, 
                1.0, 
                0.0, 
                0.0, 
                0.0, 
                0.0, 
                1.0, 
                0.0, 
                49.7764, 
                0.0, 
                -0.00897279, 
                1.0
            ]
        }, 
        {
            "name": "SunknSub", 
            "worldMatrix": [
                1.0, 
                0.0, 
                0.0, 
                0.0, 
                0.0, 
                1.0, 
                0.0, 
                0.0, 
                0.0, 
                0.0, 
                1.0, 
                0.0, 
                49.7764, 
                0.0, 
                -0.00897279, 
                1.0
            ]
        }, 
        {
            "name": "Coral", 
            "worldMatrix": [
                0.83231, 
                0.0, 
                -0.749416, 
                0.0, 
                0.0, 
                1.11998, 
                0.0, 
                0.0, 
                0.749416, 
                0.0, 
                0.83231, 
                0.0, 
                10.8446, 
                -0.493368, 
                -34.8127, 
                1.0
            ]
        }, 
        {
            "name": "Coral", 
            "worldMatrix": [
                0.681998, 
                0.0, 
                0.731354, 
                0.0, 
                0, 
                1, 
                0, 
                0, 
                -0.731354, 
                0.0, 
                0.681998, 
                0.0, 
                27.3435, 
                -0.76937, 
                -29.979, 
                1.0
            ]
        }, 
        {
            "name": "Coral", 
            "worldMatrix": [
                -1.871, 
                0.0, 
                0.363685, 
                0.0, 
                0.0, 
                1.90602, 
                0.0, 
                0.0, 
                -0.363685, 
                0.0, 
                -1.871, 
                0.0, 
                22.1965, 
                -0.76937, 
                -36.7394, 
                1.0
            ]
        }, 
        {
            "name": "Coral", 
            "worldMatrix": [
                0.0174524, 
                0.0, 
                0.999848, 
                0.0, 
                0, 
                1, 
                0, 
                0, 
                -0.999848, 
                0.0, 
                0.0174524, 
                0.0, 
                -7.33999, 
                -1.00169, 
                -23.1597, 
                1.0
            ]
        }, 
        {
            "name": "Coral", 
            "worldMatrix": [
                -2.08102, 
                0.0, 
                -0.75743, 
                0.0, 
                0.0, 
                2.21458, 
                0.0, 
                0.0, 
                0.75743, 
                0.0, 
                -2.08102, 
                0.0, 
                46.0742, 
                -0.493368, 
                -34.0749, 
                1.0
            ]
        }, 
        {
            "name": "Coral", 
            "worldMatrix": [
                -0.661029, 
                0.0, 
                -0.816303, 
                0.0, 
                0.0, 
                1.05039, 
                0.0, 
                0.0, 
                0.816303, 
                0.0, 
                -0.661029, 
                0.0, 
                42.3014, 
                -0.76937, 
                1.25695, 
                1.0
            ]
        }, 
        {
            "name": "Coral", 
            "worldMatrix": [
                0.393481, 
                0.0, 
                0.973901, 
                0.0, 
                0.0, 
                1.05039, 
                0.0, 
                0.0, 
                -0.973901, 
                0.0, 
                0.393481, 
                0.0, 
                24.5943, 
                -0.76937, 
                20.9929, 
                1.0
            ]
        }, 
        {
            "name": "Coral", 
            "worldMatrix": [
                -0.425272, 
                0.0, 
                -1.30885, 
                0.0, 
                0.0, 
                1.37621, 
                0.0, 
                0.0, 
                1.30885, 
                0.0, 
                -0.425272, 
                0.0, 
                18.3231, 
                -0.76937, 
                34.4576, 
                1.0
            ]
        }, 
        {
            "name": "Coral", 
            "worldMatrix": [
                -0.920863, 
                0.0, 
                1.02272, 
                0.0, 
                0.0, 
                1.37621, 
                0.0, 
                0.0, 
                -1.02272, 
                0.0, 
                -0.920863, 
                0.0, 
                34.5636, 
                -0.76937, 
                44.6408, 
                1.0
            ]
        }, 
        {
            "name": "Coral", 
            "worldMatrix": [
                -0.556582, 
                0.0, 
                0.618147, 
                0.0, 
                0.0, 
                0.831798, 
                0.0, 
                0.0, 
                -0.618147, 
                0.0, 
                -0.556582, 
                0.0, 
                -1.5566, 
                -0.750224, 
                54.0273, 
                1.0
            ]
        }, 
        {
            "name": "Coral", 
            "worldMatrix": [
                1.13844, 
                0.0, 
                0.739312, 
                0.0, 
                0.0, 
                1.35743, 
                0.0, 
                0.0, 
                -0.739312, 
                0.0, 
                1.13844, 
                0.0, 
                -15.2205, 
                -0.750224, 
                34.1849, 
                1.0
            ]
        }, 
        {
            "name": "Coral", 
            "worldMatrix": [
                -1.03684, 
                0.0, 
                -0.164219, 
                0.0, 
                0.0, 
                1.04976, 
                0.0, 
                0.0, 
                0.164219, 
                0.0, 
                -1.03684, 
                0.0, 
                -19.2603, 
                -0.750224, 
                33.9473, 
                1.0
            ]
        }, 
        {
            "name": "Coral", 
            "worldMatrix": [
                -0.340079, 
                0.0, 
                -1.11235, 
                0.0, 
                0.0, 
                1.16317, 
                0.0, 
                0.0, 
                1.11235, 
                0.0, 
                -0.340079, 
                0.0, 
                -38.2858, 
                -0.750224, 
                20.3776, 
                1.0
            ]
        }, 
        {
            "name": "Coral", 
            "worldMatrix": [
                0.201983, 
                0.0, 
                1.1455, 
                0.0, 
                0.0, 
                1.16317, 
                0.0, 
                0.0, 
                -1.1455, 
                0.0, 
                0.201983, 
                0.0, 
                -39.8247, 
                -0.750224, 
                -12.4975, 
                1.0
            ]
        }, 
        {
            "name": "Coral", 
            "worldMatrix": [
                -1.11837, 
                0.312991, 
                0.0652846, 
                0.0, 
                0.284973, 
                1.08349, 
                -0.312747, 
                0.0, 
                -0.144968, 
                -0.284706, 
                -1.11844, 
                0.0, 
                -31.3377, 
                -1.17205, 
                -28.8259, 
                1.0
            ]
        }, 
        {
            "name": "Coral", 
            "worldMatrix": [
                -1.22544, 
                0.0, 
                -0.446023, 
                0.0, 
                0.0, 
                1.30409, 
                0.0, 
                0.0, 
                0.446023, 
                0.0, 
                -1.22544, 
                0.0, 
                29.7069, 
                -0.855114, 
                -14.1563, 
                1.0
            ]
        }, 
        {
            "name": "Stone", 
            "worldMatrix": [
                2.80265, 
                0.0, 
                0.0, 
                0.0, 
                0.0, 
                2.80265, 
                0.0, 
                0.0, 
                0.0, 
                0.0, 
                2.80265, 
                0.0, 
                23.5022, 
                -1.05361, 
                6.01544, 
                1.0
            ]
        }, 
        {
            "name": "Stone", 
            "worldMatrix": [
                0.958563, 
                0.0, 
                -2.63363, 
                0.0, 
                0.0, 
                2.80265, 
                0.0, 
                0.0, 
                2.63363, 
                0.0, 
                0.958563, 
                0.0, 
                37.2387, 
                -1.05361, 
                -14.0699, 
                1.0
            ]
        }, 
        {
            "name": "Stone", 
            "worldMatrix": [
                -1.73003, 
                0.0, 
                -3.25372, 
                0.0, 
                0.0, 
                3.68507, 
                0.0, 
                0.0, 
                3.25372, 
                0.0, 
                -1.73003, 
                0.0, 
                55.9575, 
                -1.05361, 
                -8.01933, 
                1.0
            ]
        }, 
        {
            "name": "Stone", 
            "worldMatrix": [
                -1.73003, 
                0.0, 
                -3.25372, 
                0.0, 
                0.0, 
                3.68507, 
                0.0, 
                0.0, 
                3.25372, 
                0.0, 
                -1.73003, 
                0.0, 
                -4.15913, 
                -1.05361, 
                -26.6191, 
                1.0
            ]
        }, 
        {
            "name": "Stone", 
            "worldMatrix": [
                3.5595, 
                0.0, 
                0.953765, 
                0.0, 
                0.0, 
                3.68507, 
                0.0, 
                0.0, 
                -0.953765, 
                0.0, 
                3.5595, 
                0.0, 
                -34.2192, 
                -1.05361, 
                -2.00098, 
                1.0
            ]
        }, 
        {
            "name": "Stone", 
            "worldMatrix": [
                -3.90999, 
                0.0, 
                -1.12117, 
                0.0, 
                0.0, 
                4.06756, 
                0.0, 
                0.0, 
                1.12117, 
                0.0, 
                -3.90999, 
                0.0, 
                -23.4106, 
                -1.62646, 
                12.0501, 
                1.0
            ]
        }, 
        {
            "name": "Stone", 
            "worldMatrix": [
                0.222469, 
                0.0, 
                -4.24495, 
                0.0, 
                0.0, 
                4.25078, 
                0.0, 
                0.0, 
                4.24495, 
                0.0, 
                0.222469, 
                0.0, 
                3.76517, 
                -1.62646, 
                54.5123, 
                1.0
            ]
        }, 
        {
            "name": "Stone", 
            "worldMatrix": [
                -2.85311, 
                0.0, 
                5.36592, 
                0.0, 
                0.0, 
                6.07728, 
                0.0, 
                0.0, 
                -5.36592, 
                0.0, 
                -2.85311, 
                0.0, 
                36.4997, 
                -1.62646, 
                31.3511, 
                1.0
            ]
        }, 
        {
            "name": "Stone", 
            "worldMatrix": [
                -2.23091, 
                0.0, 
                5.52169, 
                0.0, 
                0.0, 
                4.12034, 
                0.0, 
                0.0, 
                -5.18279, 
                0.0, 
                -2.09398, 
                0.0, 
                -44.2808, 
                -1.62646, 
                12.6487, 
                1.0
            ]
        }, 
        {
            "name": "Stone", 
            "worldMatrix": [
                -4.70797, 
                0.690335, 
                -2.39836, 
                0.0, 
                0.262804, 
                5.22933, 
                0.989309, 
                0.0, 
                2.48185, 
                0.755801, 
                -4.65433, 
                0.0, 
                -40.122, 
                -1.65822, 
                -34.7314, 
                1.0
            ]
        }, 
        {
            "name": "Stone", 
            "worldMatrix": [
                -6.24927, 
                0.0, 
                1.91059, 
                0.0, 
                0.0, 
                11.3145, 
                0.0, 
                0.0, 
                -1.91059, 
                0.0, 
                -6.24927, 
                0.0, 
                -29.2419, 
                -3.50407, 
                39.7965, 
                1.0
            ]
        }, 
        {
            "name": "CoralStoneA", 
            "worldMatrix": [
                6.47229, 
                0.0, 
                0.0, 
                0.0, 
                0.0, 
                6.47229, 
                0.0, 
                0.0, 
                0.0, 
                0.0, 
                6.47229, 
                0.0, 
                -41.896, 
                -0.350971, 
                14.6224, 
                1.0
            ]
        }, 
        {
            "name": "CoralStoneA", 
            "worldMatrix": [
                0.396378, 
                0.0, 
                -7.56334, 
                0.0, 
                0.0, 
                7.57372, 
                0.0, 
                0.0, 
                7.56334, 
                0.0, 
                0.396378, 
                0.0, 
                43.709, 
                -0.350971, 
                -5.22679, 
                1.0
            ]
        }, 
        {
            "name": "CoralStoneA", 
            "worldMatrix": [
                0.55456, 
                0.0, 
                -10.5816, 
                0.0, 
                0.0, 
                10.5962, 
                0.0, 
                0.0, 
                10.5816, 
                0.0, 
                0.55456, 
                0.0, 
                17.5627, 
                -0.350971, 
                -51.1147, 
                1.0
            ]
        }, 
        {
            "name": "CoralStoneA", 
            "worldMatrix": [
                0.351183, 
                0.0, 
                -6.70097, 
                0.0, 
                0.0, 
                6.71017, 
                0.0, 
                0.0, 
                6.70097, 
                0.0, 
                0.351183, 
                0.0, 
                24.4871, 
                -0.350971, 
                -50.6631, 
                1.0
            ]
        }, 
        {
            "name": "CoralStoneB", 
            "worldMatrix": [
                7.19634, 
                0.0, 
                0.0, 
                0.0, 
                0.0, 
                7.19634, 
                0.0, 
                0.0, 
                0.0, 
                0.0, 
                7.19634, 
                0.0, 
                20.8444, 
                -1.38774, 
                -16.4007, 
                1.0
            ]
        }, 
        {
            "name": "CoralStoneB", 
            "worldMatrix": [
                4.67063, 
                0.0, 
                0.0, 
                0.0, 
                0.0, 
                4.67063, 
                0.0, 
                0.0, 
                0.0, 
                0.0, 
                4.67063, 
                0.0, 
                12.0559, 
                -1.38774, 
                13.7311, 
                1.0
            ]
        }, 
        {
            "name": "CoralStoneB", 
            "worldMatrix": [
                2.77396, 
                0.0, 
                -2.49769, 
                0.0, 
                0.0, 
                3.73274, 
                0.0, 
                0.0, 
                2.49769, 
                0.0, 
                2.77396, 
                0.0, 
                -8.032, 
                -1.02537, 
                22.1609, 
                1.0
            ]
        }, 
        {
            "name": "TreasureChest", 
            "worldMatrix": [
                1, 
                0, 
                0, 
                0, 
                0, 
                1, 
                0, 
                0, 
                0, 
                0, 
                1, 
                0, 
                -3.87494, 
                -0.73534, 
                19.2116, 
                1.0
            ]
        }, 
        {
            "name": "TreasureChest", 
            "worldMatrix": [
                -0.90226, 
                0.0, 
                -0.563795, 
                0.0, 
                0.0, 
                1.06393, 
                0.0, 
                0.0, 
                0.563795, 
                0.0, 
                -0.90226, 
                0.0, 
                23.436, 
                -0.785463, 
                3.67664, 
                1.0
            ]
        }, 
        {
            "name": "TreasureChest", 
            "worldMatrix": [
                0.752309, 
                0.0, 
                -0.752309, 
                0.0, 
                0.0, 
                1.06393, 
                0.0, 
                0.0, 
                0.752309, 
                0.0, 
                0.752309, 
                0.0, 
                23.7049, 
                -0.785463, 
                1.52587, 
                1.0
            ]
        }, 
        {
            "name": "TreasureChest", 
            "worldMatrix": [
                -0.0174525, 
                0.0, 
                0.999848, 
                0.0, 
                0, 
                1, 
                0, 
                0, 
                -0.999848, 
                0.0, 
                -0.0174525, 
                0.0, 
                -5.73969, 
                -0.73534, 
                17.6513, 
                1.0
            ]
        }, 
        {
            "name": "TreasureChest", 
            "worldMatrix": [
                0.615661, 
                0.0, 
                0.788011, 
                0.0, 
                0, 
                1, 
                0, 
                0, 
                -0.788011, 
                0.0, 
                0.615661, 
                0.0, 
                -2.01424, 
                -0.73534, 
                -19.1753, 
                1.0
            ]
        }, 
        {
            "name": "TreasureChest", 
            "worldMatrix": [
                1, 
                0, 
                0, 
                0, 
                0, 
                1, 
                0, 
                0, 
                0, 
                0, 
                1, 
                0, 
                -3.77961, 
                -0.73534, 
                -16.5961, 
                1.0
            ]
        }, 
        {
            "name": "EnvironmentBox", 
            "worldMatrix": [
                1, 
                0, 
                0, 
                0, 
                0, 
                1, 
                0, 
                0, 
                0, 
                0, 
                1, 
                0, 
                0, 
                0, 
                0, 
                1
            ]
        }, 
        {
            "name": "Skybox", 
            "worldMatrix": [
                1, 
                0, 
                0, 
                0, 
                0, 
                1, 
                0, 
                0, 
                0, 
                0, 
                1, 
                0, 
                0, 
                0, 
                0, 
                1
            ]
        }, 
        {
            "name": "SupportBeams", 
            "worldMatrix": [
                1, 
                0, 
                0, 
                0, 
                0, 
                1, 
                0, 
                0, 
                0, 
                0, 
                1, 
                0, 
                0, 
                0, 
                0, 
                1
            ]
        }, 
        {
            "name": "GlobeInner", 
            "worldMatrix": [
                1, 
                0, 
                0, 
                0, 
                0, 
                1, 
                0, 
                0, 
                0, 
                0, 
                1, 
                0, 
                0, 
                0, 
                0, 
                1
            ]
        }, 
        {
            "name": "GlobeOuter", 
            "worldMatrix": [
                1, 
                0, 
                0, 
                0, 
                0, 
                1, 
                0, 
                0, 
                0, 
                0, 
                1, 
                0, 
                0, 
                0, 
                0, 
                1
            ]
        }, 
        {
            "name": "GlobeBase", 
            "worldMatrix": [
                1, 
                0, 
                0, 
                0, 
                0, 
                1, 
                0, 
                0, 
                0, 
                0, 
                1, 
                0, 
                0, 
                0, 
                0, 
                1
            ]
        }, 
        {
            "name": "SeaweedA", 
            "worldMatrix": [
                0.798635, 
                0.0, 
                -0.601815, 
                0.0, 
                0, 
                1, 
                0, 
                0, 
                0.601815, 
                0.0, 
                0.798635, 
                0.0, 
                -38.2683, 
                -1.21629, 
                -35.6132, 
                1.0
            ]
        }, 
        {
            "name": "SeaweedA", 
            "worldMatrix": [
                -0.729832, 
                0.0, 
                -0.388059, 
                0.0, 
                0.0, 
                0.826585, 
                0.0, 
                0.0, 
                0.388059, 
                0.0, 
                -0.729832, 
                0.0, 
                -25.0968, 
                -1.21642, 
                44.9225, 
                1.0
            ]
        }, 
        {
            "name": "SeaweedA", 
            "worldMatrix": [
                -0.589438, 
                0.0, 
                -0.31341, 
                0.0, 
                0.0, 
                0.66758, 
                0.0, 
                0.0, 
                0.31341, 
                0.0, 
                -0.589438, 
                0.0, 
                -20.3444, 
                -1.21654, 
                47.1469, 
                1.0
            ]
        }, 
        {
            "name": "SeaweedA", 
            "worldMatrix": [
                0.528004, 
                0.0, 
                -0.629251, 
                0.0, 
                0.0, 
                0.821429, 
                0.0, 
                0.0, 
                0.629251, 
                0.0, 
                0.528004, 
                0.0, 
                -42.5275, 
                -1.21642, 
                -36.1143, 
                1.0
            ]
        }, 
        {
            "name": "SeaweedA", 
            "worldMatrix": [
                0.867782, 
                0.0, 
                0.423246, 
                0.0, 
                0.0, 
                0.965496, 
                0.0, 
                0.0, 
                -0.423246, 
                0.0, 
                0.867782, 
                0.0, 
                23.762, 
                -1.21631, 
                -44.5188, 
                1.0
            ]
        }, 
        {
            "name": "SeaweedA", 
            "worldMatrix": [
                0.682709, 
                0.0, 
                0.682709, 
                0.0, 
                0.0, 
                0.965496, 
                0.0, 
                0.0, 
                -0.682709, 
                0.0, 
                0.682709, 
                0.0, 
                35.0368, 
                -1.21631, 
                -47.7139, 
                1.0
            ]
        }, 
        {
            "name": "SeaweedA", 
            "worldMatrix": [
                0.33043, 
                0.0, 
                0.70861, 
                0.0, 
                0.0, 
                0.781865, 
                0.0, 
                0.0, 
                -0.70861, 
                0.0, 
                0.33043, 
                0.0, 
                44.3059, 
                -1.21645, 
                -23.5749, 
                1.0
            ]
        }, 
        {
            "name": "SeaweedA", 
            "worldMatrix": [
                0.0952854, 
                0.0, 
                0.776037, 
                0.0, 
                0.0, 
                0.781865, 
                0.0, 
                0.0, 
                -0.776037, 
                0.0, 
                0.0952854, 
                0.0, 
                54.5854, 
                -1.21645, 
                -7.09865, 
                1.0
            ]
        }, 
        {
            "name": "SeaweedA", 
            "worldMatrix": [
                -0.0817272, 
                0.0, 
                0.777582, 
                0.0, 
                0.0, 
                0.781865, 
                0.0, 
                0.0, 
                -0.777582, 
                0.0, 
                -0.0817272, 
                0.0, 
                38.7516, 
                -1.21645, 
                5.76359, 
                1.0
            ]
        }, 
        {
            "name": "SeaweedA", 
            "worldMatrix": [
                -0.502573, 
                0.0, 
                0.598943, 
                0.0, 
                0.0, 
                0.781865, 
                0.0, 
                0.0, 
                -0.598943, 
                0.0, 
                -0.502573, 
                0.0, 
                31.8425, 
                -1.21645, 
                26.4063, 
                1.0
            ]
        }, 
        {
            "name": "SeaweedA", 
            "worldMatrix": [
                -0.852676, 
                0.0, 
                -0.453376, 
                0.0, 
                0.0, 
                0.965715, 
                0.0, 
                0.0, 
                0.453376, 
                0.0, 
                -0.852676, 
                0.0, 
                -23.0731, 
                -1.21631, 
                46.7435, 
                1.0
            ]
        }, 
        {
            "name": "SeaweedB", 
            "worldMatrix": [
                0.62932, 
                0.0, 
                -0.777146, 
                0.0, 
                0, 
                1, 
                0, 
                0, 
                0.777146, 
                0.0, 
                0.62932, 
                0.0, 
                -28.2864, 
                0.0, 
                -44.3278, 
                1.0
            ]
        }, 
        {
            "name": "SeaweedB", 
            "worldMatrix": [
                -0.286246, 
                0.0, 
                -0.786455, 
                0.0, 
                0.0, 
                0.836928, 
                0.0, 
                0.0, 
                0.786455, 
                0.0, 
                -0.286246, 
                0.0, 
                -47.919, 
                -0.000124018, 
                15.3473, 
                1.0
            ]
        }, 
        {
            "name": "SeaweedB", 
            "worldMatrix": [
                -0.313982, 
                0.0, 
                -0.862659, 
                0.0, 
                0.0, 
                0.918022, 
                0.0, 
                0.0, 
                0.862659, 
                0.0, 
                -0.313982, 
                0.0, 
                -45.9877, 
                -6.23456e-05, 
                13.6896, 
                1.0
            ]
        }, 
        {
            "name": "SeaweedB", 
            "worldMatrix": [
                0.822278, 
                0.0, 
                -0.100963, 
                0.0, 
                0.0, 
                0.828453, 
                0.0, 
                0.0, 
                0.100963, 
                0.0, 
                0.822278, 
                0.0, 
                -7.25666, 
                -0.000130464, 
                -32.7403, 
                1.0
            ]
        }, 
        {
            "name": "SeaweedB", 
            "worldMatrix": [
                0.962046, 
                0.0, 
                -0.187003, 
                0.0, 
                0.0, 
                0.980053, 
                0.0, 
                0.0, 
                0.187003, 
                0.0, 
                0.962046, 
                0.0, 
                -6.16477, 
                -1.51703e-05, 
                -34.4572, 
                1.0
            ]
        }, 
        {
            "name": "SeaweedB", 
            "worldMatrix": [
                1.04709, 
                0.0, 
                0.320128, 
                0.0, 
                0.0, 
                1.09494, 
                0.0, 
                0.0, 
                -0.320128, 
                0.0, 
                1.04709, 
                0.0, 
                20.4724, 
                7.22003e-05, 
                -42.645, 
                1.0
            ]
        }, 
        {
            "name": "SeaweedB", 
            "worldMatrix": [
                0.283408, 
                0.0, 
                0.738303, 
                0.0, 
                0.0, 
                0.79083, 
                0.0, 
                0.0, 
                -0.738303, 
                0.0, 
                0.283408, 
                0.0, 
                39.1164, 
                -0.000159077, 
                -16.6953, 
                1.0
            ]
        }, 
        {
            "name": "SeaweedB", 
            "worldMatrix": [
                0.111983, 
                0.0, 
                0.707031, 
                0.0, 
                0.0, 
                0.715845, 
                0.0, 
                0.0, 
                -0.707031, 
                0.0, 
                0.111983, 
                0.0, 
                54.9332, 
                -0.000216104, 
                -9.6297, 
                1.0
            ]
        }, 
        {
            "name": "SeaweedB", 
            "worldMatrix": [
                -0.0499348, 
                0.0, 
                0.714101, 
                0.0, 
                0.0, 
                0.715845, 
                0.0, 
                0.0, 
                -0.714101, 
                0.0, 
                -0.0499348, 
                0.0, 
                41.9786, 
                -0.000216104, 
                9.05809, 
                1.0
            ]
        }, 
        {
            "name": "SeaweedB", 
            "worldMatrix": [
                -0.509391, 
                0.0, 
                0.651991, 
                0.0, 
                0.0, 
                0.827388, 
                0.0, 
                0.0, 
                -0.651991, 
                0.0, 
                -0.509391, 
                0.0, 
                49.2136, 
                -0.000131274, 
                26.6032, 
                1.0
            ]
        }, 
        {
            "name": "SeaweedB", 
            "worldMatrix": [
                -0.338455, 
                0.0, 
                -0.929897, 
                0.0, 
                0.0, 
                0.989575, 
                0.0, 
                0.0, 
                0.929897, 
                0.0, 
                -0.338455, 
                0.0, 
                -46.425, 
                -7.92821e-06, 
                16.8421, 
                1.0
            ]
        }
    ]
}